<?xml version="1.0" encoding="UTF-8"?>
<!--  mybatis라는 걸 쓰는거 -->
<!DOCTYPE mapper
	PUBLIC "-//mybatis.org//DTD Mapper 3.0//EN"
	"http://mybatis.org/dtd/mybatis-3-mapper.dtd">
	<!-- 인터페이스를 만들었을때 따로 선언을 할 필요가있는대 어떤파일의 인터페이스를 선언할지 경로를(url) 설정하는거 -->
	<!-- db와 관련된 처리를 해줌 -->
<mapper namespace="com.peisia.mapper.TestMapper">
<!-- 경로에 맞는 파일의 함수를 재정의 해줌 -->
	<select id="getData1" resultType="com.peisia.spring.dto.TestDto" >
		SELECT no,str_data from tbl_test where no = 1
	</select>
	<!-- 그동안 java에서 sql 을 불러왔던 양식을 한번에 묶어 둔것 -->
	<select id="getData2" resultType="com.peisia.spring.dto.TestDto">
		SELECT * from tbl_test where no = 2
	</select>

	
	<select id="getCount5" resultType="com.peisia.spring.dto.TestDto">
		SELECT * from tbl_visitant_count;
	</select>
	
	<update id="updateDate1" parameterType="com.peisia.spring.dto.TestDto">
		UPDATE tbl_visitant_count SET count = count + 1;
	</update>
	
	<update id="reset" parameterType="com.peisia.spring.dto.TestDto">
		UPDATE tbl_visitant_count SET count = 0;
	</update>
	
	<select id="getTextList" resultType="com.peisia.spring.dto.TestDto">
		SELECT * from tbl_doodle;
	</select>
	
	<insert id="text" parameterType="com.peisia.spring.dto.TestDto"> 
		INSERT INTO tbl_doodle (str) value (#{chat})
	</insert>

	<delete id="del" parameterType="com.peisia.spring.dto.TestDto"> 
		DELETE FROM tbl_doodle WHERE no = #{chatNo}
	</delete>
	
	
	
</mapper>
